PROT,SITE,WTAA,MTAA,F1
1,1,C,A,-2.1244617589018904
1,1,C,C,-0.7841564051932953
1,1,C,D,-2.167934555801427
1,1,C,E,-2.126233798436543
1,1,C,F,-2.13582879394852
1,1,C,G,-2.13454944175253
1,1,C,H,-2.129291185140793
1,1,C,I,-2.1402777257141734
1,1,C,K,-2.1499642372617433
1,1,C,L,-2.1635272450731136 
1,1,C,M,-2.1417025060284
1,1,C,N,-2.1456987181369
1,1,C,P,-2.14786787920082
1,1,C,Q,-2.1682844564466968
1,1,C,R,-2.140469525800773
1,1,C,S,-2.140955663641177
1,1,C,T,-2.139602406899447
1,1,C,V,-2.1484770788581167
1,1,C,W,-2.1464686488102966
1,1,C,Y,-2.1319850350745266
1,2,L,A,-0.7384781455683087
1,2,L,C,-0.8021022850301233
1,2,L,D,-0.695188914977951
1,2,L,E,-0.7305522064096457
1,2,L,F,-0.7607376472632313
1,2,L,G,-0.7977781460139308
1,2,L,H,-0.6674804440689677
1,2,L,I,-1.0117318984620598
1,2,L,K,-0.7840127079355717
1,2,L,L,-0.8339652641372511
1,2,L,M,-0.7400112742017386
1,2,L,N,-0.8575054232355642
1,2,L,P,-2.0924642946464598
1,2,L,Q,-0.7136214256901307
1,2,L,R,-0.7496552618715148
1,2,L,S,-0.8716401308887031
1,2,L,T,-0.9214240289259154
1,2,L,V,-0.901607619997407
1,2,L,W,-0.762555943022133
1,2,L,Y,-0.7534025696845087
1,3,V,A,-2.0638243145507933
1,3,V,C,-1.5538051014047534
1,3,V,D,-2.1668449966518533
1,3,V,E,-2.1386534160532267
1,3,V,F,-2.140796928142427
1,3,V,G,-2.131990455638513
1,3,V,H,-2.127598511548967
1,3,V,I,-1.08930951823162
1,3,V,K,-2.1273821636635
1,3,V,L,-2.1432309135499565
1,3,V,M,-2.147241254495897
1,3,V,N,-2.158557225125213
1,3,V,P,-2.13111623876441
1,3,V,Q,-2.1322388627867532
1,3,V,R,-2.14513282440891
1,3,V,S,-2.145086949568263
1,3,V,T,-1.3986698353755365
1,3,V,V,-0.7814602149885103
1,3,V,W,-2.146942791677907
1,3,V,Y,-2.1385797738813834
1,4,C,A,-2.140762368575983
1,4,C,C,-0.7545304550023711
1,4,C,D,-2.10939678154242
1,4,C,E,-2.1457260743095
1,4,C,F,-2.12337041808037
1,4,C,G,-2.144007672277453
1,4,C,H,-2.1383817881365768
1,4,C,I,-2.174919086355833
1,4,C,K,-2.145599111077607
1,4,C,L,-2.1384517817438535
1,4,C,M,-2.1580428807155365
1,4,C,N,-2.14666625321673
1,4,C,P,-2.135140368977753
1,4,C,Q,-2.1424035833538064
1,4,C,R,-2.14415099953827
1,4,C,S,-2.1443353661402296
1,4,C,T,-2.1451126587943934
1,4,C,V,-2.1408857113632465
1,4,C,W,-2.1253949217569468
1,4,C,Y,-2.1373517533609667
1,5,G,A,-0.7929314351751843
1,5,G,C,-0.9273806615102135
1,5,G,D,-0.96064862436871
1,5,G,E,-0.9400451097663897
1,5,G,F,-0.8799602840941927
1,5,G,G,-0.7800348722709614
1,5,G,H,-0.859706998053003
1,5,G,I,-1.5565345313079868
1,5,G,K,-0.8787146638799713
1,5,G,L,-0.99897193105492
1,5,G,M,-0.8782871760293892
1,5,G,N,-0.8782442990892448
1,5,G,P,-2.1360486750064465
1,5,G,Q,-0.8380855154370606
1,5,G,R,-0.9174949475259213
1,5,G,S,-0.8382817257456567
1,5,G,T,-1.0594738845209266
1,5,G,V,-1.2048753813909032
1,5,G,W,-0.9241059121509746
1,5,G,Y,-0.7938306629899637
1,6,D,A,-1.6952799671216867
1,6,D,C,-2.0634314718974633
1,6,D,D,-0.8088024290944483
1,6,D,E,-2.116943341636873
1,6,D,F,-2.10556989379395
1,6,D,G,-1.7529275277198133
1,6,D,H,-2.11463131932689
1,6,D,I,-2.1344519903412698
1,6,D,K,-2.136160920589433
1,6,D,L,-2.13636458205807
1,6,D,M,-2.07462027508129
1,6,D,N,-2.117526427675873
1,6,D,P,-2.1450135373076997
1,6,D,Q,-2.113268297877043
1,6,D,R,-2.138426889833433
1,6,D,S,-1.9271360297815798
1,6,D,T,-2.02131250650049
1,6,D,V,-2.0943090253913867
1,6,D,W,-1.55048502376178
1,6,D,Y,-2.1040683154032367
1,7,R,A,-0.952161065818372
1,7,R,C,-0.9458346438114934
1,7,R,D,-0.8964699630904166
1,7,R,E,-1.1715077502654065
1,7,R,F,-0.9019279333618514
1,7,R,G,-0.992126129753489
1,7,R,H,-0.8597953019998462
1,7,R,I,-0.922020339282596
1,7,R,K,-0.7933877650171607
1,7,R,L,-1.0572600967938668
1,7,R,M,-0.9901678909185225
1,7,R,N,-0.7439651665957386
1,7,R,P,-2.14527871803986
1,7,R,Q,-0.922360622631467
1,7,R,R,-0.7824037130316487
1,7,R,S,-0.8742551739227341
1,7,R,T,-0.8270733010054987
1,7,R,V,-0.9153873309150441
1,7,R,W,-1.0927814363905435
1,7,R,Y,-0.954529163933029
1,8,A,A,-0.806647978714463
1,8,A,C,-1.3149187153894701
1,8,A,D,-2.1242222076650568
1,8,A,E,-2.09933274468457
1,8,A,F,-2.1361945125082364
1,8,A,G,-1.1255380315056767
1,8,A,H,-1.5389014653401034
1,8,A,I,-2.1397206866990333
1,8,A,K,-2.10401983840873
1,8,A,L,-2.14529133197393
1,8,A,M,-2.13995546014351
1,8,A,N,-1.9423405906056501
1,8,A,P,-1.2265278503527866
1,8,A,Q,-1.9982874133857333
1,8,A,R,-2.1449144933053534
1,8,A,S,-0.7590004273249451
1,8,A,T,-1.4607084033982967
1,8,A,V,-2.1298783223562734
1,8,A,W,-2.14851521672783
1,8,A,Y,-2.1432397317346332
1,9,S,A,-1.748542861140103
1,9,S,C,-1.9025069794153502
1,9,S,D,-2.1409047719353764
1,9,S,E,-2.1354144530533934
1,9,S,F,-1.4804610606578033
1,9,S,G,-1.5620811162606032
1,9,S,H,-1.57280679207254
1,9,S,I,-2.0987645245281
1,9,S,K,-0.9532244341162474
1,9,S,L,-1.5052242612463698
1,9,S,M,-1.7221266430143
1,9,S,N,-1.3253572336528734
1,9,S,P,-1.9007211001500668
1,9,S,Q,-1.8992964151968934
1,9,S,R,-1.0971829124309034
1,9,S,S,-0.7889046260261297
1,9,S,T,-1.0418584590529734
1,9,S,V,-2.0855486967074697
1,9,S,W,-1.8696538894799666
1,9,S,Y,-1.5424899868690565
1,10,G,A,-2.11254933717797
1,10,G,C,-2.1379989017330767
1,10,G,D,-2.1400262885624532
1,10,G,E,-2.1318039407764635
1,10,G,F,-2.0473025557769535
1,10,G,G,-0.8115672831646776
1,10,G,H,-2.11893559928897
1,10,G,I,-2.13043423234818
1,10,G,K,-2.1222402430276834
1,10,G,L,-2.1372698677274333
1,10,G,M,-2.1365332037908398
1,10,G,N,-2.1487921831334367
1,10,G,P,-2.1325572593540336
1,10,G,Q,-2.151554352330757
1,10,G,R,-2.1524940375047437
1,10,G,S,-2.12268968363691
1,10,G,T,-2.1324268153550197
1,10,G,V,-2.1396038199336633
1,10,G,W,-2.1342424105663365
1,10,G,Y,-1.7499619187334698
1,11,Y,A,-0.9332002178393513
1,11,Y,C,-0.7906157984392941
1,11,Y,D,-2.10017813736878
1,11,Y,E,-2.07739758486305
1,11,Y,F,-0.793565162076844
1,11,Y,G,-1.5219303886917135
1,11,Y,H,-0.7626516802973796
1,11,Y,I,-1.13739754843067
1,11,Y,K,-0.6864533069587213
1,11,Y,L,-0.8750965195562447
1,11,Y,M,-0.7388544541251854
1,11,Y,N,-0.6291018885314558
1,11,Y,P,-1.4362645307217268
1,11,Y,Q,-0.8128139796353273
1,11,Y,R,-0.620071802965667
1,11,Y,S,-0.9072755645174326
1,11,Y,T,-0.918652518043543
1,11,Y,V,-1.0386720915289267
1,11,Y,W,-1.2932918426670799
1,11,Y,Y,-0.862085192800543
1,12,H,A,-2.1444003493754966
1,12,H,C,-2.1595472322722835
1,12,H,D,-2.1662912971162367
1,12,H,E,-2.16095554635023
1,12,H,F,-2.14650977402612
1,12,H,G,-2.166237856392373
1,12,H,H,-0.8219152018375354
1,12,H,I,-2.1839691140242237
1,12,H,K,-2.13536906744748
1,12,H,L,-2.140800262162033
1,12,H,M,-2.1390492356505666
1,12,H,N,-1.9810665585174931
1,12,H,P,-2.1345384071305236
1,12,H,Q,-2.1293202645401266
1,12,H,R,-0.7734921657971666
1,12,H,S,-2.1427006149550767
1,12,H,T,-2.149096471338287
1,12,H,V,-2.1482338929982396
1,12,H,W,-2.14062718236046
1,12,H,Y,-2.1074219714313536
1,13,Y,A,-2.1467235418939965
1,13,Y,C,-2.13142856525994
1,13,Y,D,-2.16535676843127
1,13,Y,E,-2.1574459382742965
1,13,Y,F,-2.1172944071474067
1,13,Y,G,-2.1523892285575066
1,13,Y,H,-2.10225833750718
1,13,Y,I,-2.1662586954975267
1,13,Y,K,-2.1334260490362467
1,13,Y,L,-2.1778462465302333
1,13,Y,M,-2.150232112308083
1,13,Y,N,-2.1474993457023768
1,13,Y,P,-2.1779145871407835
1,13,Y,Q,-2.21120831789902
1,13,Y,R,-2.106842024835277
1,13,Y,S,-2.14188964324734
1,13,Y,T,-2.1448114492960366
1,13,Y,V,-2.16375406642153
1,13,Y,W,-2.0640294695318233
1,13,Y,Y,-0.8499137655110013
1,14,G,A,-1.0359971756120667
1,14,G,C,-1.1581798407965664
1,14,G,D,-2.0504931864575036
1,14,G,E,-2.00553226329473
1,14,G,F,-1.7438893265129565
1,14,G,G,-0.8377651164158136
1,14,G,H,-1.1460052264202734
1,14,G,I,-2.1418667395919404
1,14,G,K,-0.6946802217302817
1,14,G,L,-1.2737927482318134
1,14,G,M,-1.3818877909545602
1,14,G,N,-1.1021927660481967
1,14,G,P,-2.177399725882967
1,14,G,Q,-0.8756892680178147
1,14,G,R,-0.752854925944921
1,14,G,S,-0.9136121265139043
1,14,G,T,-1.1227616945863828
1,14,G,V,-2.1332775260401
1,14,G,W,-1.9153980553223133
1,14,G,Y,-1.6612395075922235
1,15,V,A,-1.0432541587584967
1,15,V,C,-0.993097876451427
1,15,V,D,-2.132377764939313
1,15,V,E,-1.5265292165200297
1,15,V,F,-2.137236886148423
1,15,V,G,-1.7290114659959135
1,15,V,H,-2.1204271705300997
1,15,V,I,-0.9258853798069993
1,15,V,K,-0.7922418474853993
1,15,V,L,-2.02483064184044
1,15,V,M,-1.5821536606021998
1,15,V,N,-2.11950114003791
1,15,V,P,-2.1374558388526466
1,15,V,Q,-0.7145171740662573
1,15,V,R,-0.6658156901272186
1,15,V,S,-1.10344398519638
1,15,V,T,-1.0813153240079167
1,15,V,V,-0.8439705729206396
1,15,V,W,-2.1517790258071634
1,15,V,Y,-2.1457209078567834
1,16,L,A,-1.7475650659522834
1,16,L,C,-1.5209798982086566
1,16,L,D,-2.084864132845626
1,16,L,E,-1.23263230780282
1,16,L,F,-1.7536715394630964
1,16,L,G,-1.87118815723656
1,16,L,H,-1.4017668673892631
1,16,L,I,-0.7554583854359813
1,16,L,K,-0.8502691837066404
1,16,L,L,-0.8247970990561907
1,16,L,M,-0.6651511023981317
1,16,L,N,-1.6161185065963366
1,16,L,P,-1.3136567057382467
1,16,L,Q,-0.887074364410258
1,16,L,R,-0.9733775526962424
1,16,L,S,-1.4470928415984499
1,16,L,T,-1.1686868376318398
1,16,L,V,-0.9589351450343396
1,16,L,W,-2.1259896287693336
1,16,L,Y,-1.6981591712670934
1,17,S,A,-1.1540324165860565
1,17,S,C,-1.75253872418896
1,17,S,D,-2.136282943078893
1,17,S,E,-2.1382105371685434
1,17,S,F,-2.1452557256482767
1,17,S,G,-1.7305290846318633
1,17,S,H,-2.1350182168911234
1,17,S,I,-2.1182431996401836
1,17,S,K,-2.1336869541026338
1,17,S,L,-2.142929805908693
1,17,S,M,-2.15260590433136
1,17,S,N,-2.0008521659052803
1,17,S,P,-2.1470870966277165
1,17,S,Q,-2.1438783637578065
1,17,S,R,-2.1387758019336
1,17,S,S,-0.7761270411525484
1,17,S,T,-0.7185041238210007
1,17,S,V,-2.09781286850931
1,17,S,W,-2.1409626915313997
1,17,S,Y,-2.1429903381969364
1,18,C,A,-2.131331221447047
1,18,C,C,-0.815191867649248
1,18,C,D,-2.1671931566097298
1,18,C,E,-2.1442224224634434
1,18,C,F,-2.1370277299083633
1,18,C,G,-2.1416774312284836
1,18,C,H,-2.140909339433143
1,18,C,I,-2.126463830897787
1,18,C,K,-2.14634701192265
1,18,C,L,-2.14464754656847
1,18,C,M,-2.154842159015653
1,18,C,N,-2.147293408978463
1,18,C,P,-2.14294687967088
1,18,C,Q,-2.15969705608836
1,18,C,R,-2.141233619277577
1,18,C,S,-2.141518854009457
1,18,C,T,-2.13983741758256
1,18,C,V,-2.13808043051925
1,18,C,W,-2.1260392326735134
1,18,C,Y,-2.1279492481236466
1,19,E,A,-2.139414621836403
1,19,E,C,-2.133472096552833
1,19,E,D,-2.120766304866246
1,19,E,E,-0.8385363438059933
1,19,E,F,-2.10766970690867
1,19,E,G,-2.14333133355785
1,19,E,H,-2.0841807514603334
1,19,E,I,-2.12899918080168
1,19,E,K,-2.1229147451937997
1,19,E,L,-2.14332508697426
1,19,E,M,-2.145239958271793
1,19,E,N,-2.1274836318733166
1,19,E,P,-2.1337041686383933
1,19,E,Q,-2.0880911881922803
1,19,E,R,-2.145657440724303
1,19,E,S,-2.1387725852424437
1,19,E,T,-2.1467600470543933
1,19,E,V,-2.1593002138862065
1,19,E,W,-0.8433617432029387
1,19,E,Y,-2.1076468947778064
1,20,G,A,-0.7597450344793032
1,20,G,C,-2.1510616376281466
1,20,G,D,-2.1346619365974697
1,20,G,E,-2.1348626175535235
1,20,G,F,-2.1240964405693368
1,20,G,G,-0.7912213134804604
1,20,G,H,-2.1342645750046967
1,20,G,I,-2.14284845051677
1,20,G,K,-2.1573814125422732
1,20,G,L,-2.14394000606374
1,20,G,M,-2.1230951900120636
1,20,G,N,-2.1371009934118668
1,20,G,P,-2.1338609070858396
1,20,G,Q,-2.1415965045107934
1,20,G,R,-2.1390714025953135
1,20,G,S,-2.1431561926777203
1,20,G,T,-2.14238324670469
1,20,G,V,-2.136552937699403
1,20,G,W,-2.1405393924102136
1,20,G,Y,-2.1394781915617767
1,21,C,A,-2.143926978318147
1,21,C,C,-0.7841090914946056
1,21,C,D,-2.1419032683966637
1,21,C,E,-2.12599434312586
1,21,C,F,-2.137887993161877
1,21,C,G,-2.1450035655955535
1,21,C,H,-2.1509350622171497
1,21,C,I,-2.12657059861476
1,21,C,K,-2.1481247890722366
1,21,C,L,-2.139987271541313
1,21,C,M,-2.130835031898513
1,21,C,N,-2.11035302402948
1,21,C,P,-2.1460943203158234
1,21,C,Q,-2.1481298108571103
1,21,C,R,-2.143923928180723
1,21,C,S,-2.1410563499205963
1,21,C,T,-2.1278623392321734
1,21,C,V,-2.1354083582702166
1,21,C,W,-2.1388844737931367
1,21,C,Y,-2.13438180047005
1,22,K,A,-2.1509399153723634
1,22,K,C,-2.1229260532099334
1,22,K,D,-2.1441776657671263
1,22,K,E,-2.151404830166783
1,22,K,F,-2.1551371787825935
1,22,K,G,-2.15030220404664
1,22,K,H,-2.1419727148221965
1,22,K,I,-2.153600810177737
1,22,K,K,-0.7689291408533153
1,22,K,L,-2.150203519709587
1,22,K,M,-2.143374428752473
1,22,K,N,-2.1406234812206466
1,22,K,P,-2.1322970622513933
1,22,K,Q,-2.138408388948134
1,22,K,R,-0.7097238345284671
1,22,K,S,-2.1403217629894833
1,22,K,T,-2.1352677711444596
1,22,K,V,-2.1539958914844934
1,22,K,W,-2.1547022255234367
1,22,K,Y,-2.139107200942427
1,23,A,A,-0.8018215055267947
1,23,A,C,-0.6735506065014757
1,23,A,D,-2.1311258038558933
1,23,A,E,-2.1355340026954566
1,23,A,F,-2.1348604003417235
1,23,A,G,-1.8775282195422431
1,23,A,H,-2.1414868779117167
1,23,A,I,-2.1342679766224166
1,23,A,K,-2.149590471452577
1,23,A,L,-2.09031717114035
1,23,A,M,-2.135006360339407
1,23,A,N,-2.1429113444390997
1,23,A,P,-2.1410505090411
1,23,A,Q,-2.1201027907974197
1,23,A,R,-2.1428048058001496
1,23,A,S,-1.0545810883754
1,23,A,T,-2.119098540161793
1,23,A,V,-2.1310236388733634
1,23,A,W,-2.149938955578637
1,23,A,Y,-2.1409606069314298
1,24,F,A,-2.1426649717393103
1,24,F,C,-2.1411451731260605
1,24,F,D,-2.1272246373214503
1,24,F,E,-2.1547041115912804
1,24,F,F,-1.007040997577964
1,24,F,G,-2.1503639659367066
1,24,F,H,-2.1621551984393066
1,24,F,I,-2.147564133408513
1,24,F,K,-2.14263370946187
1,24,F,L,-2.14204671863364
1,24,F,M,-2.14115362887353
1,24,F,N,-2.138826986286483
1,24,F,P,-2.1593147383049867
1,24,F,Q,-2.13844073185484
1,24,F,R,-2.14120880225266
1,24,F,S,-2.1362070768955665
1,24,F,T,-2.1435945521238167
1,24,F,V,-2.14010950163412
1,24,F,W,-2.1381304499388767
1,24,F,Y,-2.0743445259916835
1,25,F,A,-2.1337186045940997
1,25,F,C,-2.1341993107968533
1,25,F,D,-2.1659968645894234
1,25,F,E,-2.1312334976507734
1,25,F,F,-0.892959449068283
1,25,F,G,-2.150272276678837
1,25,F,H,-2.1436955851458834
1,25,F,I,-2.1128207093342204
1,25,F,K,-2.1309273380022167
1,25,F,L,-2.1322851328928096
1,25,F,M,-1.6324456225953234
1,25,F,N,-2.1278298437965466
1,25,F,P,-2.14638495760066
1,25,F,Q,-2.1515121952616933
1,25,F,R,-2.13808710624857
1,25,F,S,-2.140227176641557
1,25,F,T,-2.1407813114283596
1,25,F,V,-2.14279152712018
1,25,F,W,-1.11047089185232
1,25,F,Y,-0.949248534323786
1,26,K,A,-2.14106925806052
1,26,K,C,-2.132803189537093
1,26,K,D,-2.13598513565763
1,26,K,E,-2.13398325124011
1,26,K,F,-1.4616735162993402
1,26,K,G,-2.1413951014775465
1,26,K,H,-1.6999281539089932
1,26,K,I,-2.124090149456677
1,26,K,K,-1.0201252863843069
1,26,K,L,-2.139376926073677
1,26,K,M,-2.0779661142858696
1,26,K,N,-2.1318231322481966
1,26,K,P,-2.1295167901886534
1,26,K,Q,-2.1380715689938463
1,26,K,R,-0.7573077620624854
1,26,K,S,-2.1177727083637037
1,26,K,T,-2.1485049313301534
1,26,K,V,-2.121047737311623
1,26,K,W,-0.9577255843569578
1,26,K,Y,-0.9457030741224512
1,27,R,A,-2.1561569384445733
1,27,R,C,-2.1364183678100765
1,27,R,D,-2.1624983334938865
1,27,R,E,-2.1416571896378733
1,27,R,F,-2.141287241642457
1,27,R,G,-2.1608234513517033
1,27,R,H,-2.1388314839817033
1,27,R,I,-2.1307191248838433
1,27,R,K,-2.1424461751161563
1,27,R,L,-2.1328965812784997
1,27,R,M,-2.1232845208667865
1,27,R,N,-2.1496459267407597
1,27,R,P,-2.14462820349042
1,27,R,Q,-2.13377357657019
1,27,R,R,-0.777613437026171
1,27,R,S,-2.142585209651997
1,27,R,T,-2.139213577060577
1,27,R,V,-2.1450037521279466
1,27,R,W,-2.1471209138621066
1,27,R,Y,-2.14649781046697
1,28,S,A,-1.3826890273709134
1,28,S,C,-1.4125965718251166
1,28,S,D,-2.1419132651572697
1,28,S,E,-2.13736283197186
1,28,S,F,-0.8477778688570626
1,28,S,G,-1.51482891140065
1,28,S,H,-0.8540617153303209
1,28,S,I,-2.1360591771859
1,28,S,K,-1.5043235923795801
1,28,S,L,-2.13495921601848
1,28,S,M,-2.1433809328326965
1,28,S,N,-0.9368898595537124
1,28,S,P,-2.15219498688462
1,28,S,Q,-1.53989680035122
1,28,S,R,-1.7928105076322067
1,28,S,S,-0.8449435599447783
1,28,S,T,-1.3482052597699399
1,28,S,V,-2.0636795006642163
1,28,S,W,-0.7639665209393321
1,28,S,Y,-0.8111370773786373
1,29,I,A,-0.7619853323675053
1,29,I,C,-0.9445127594738586
1,29,I,D,-1.5338668889100664
1,29,I,E,-1.5888910277426733
1,29,I,F,-0.7231670305488341
1,29,I,G,-0.770665117409875
1,29,I,H,-0.6486810225666827
1,29,I,I,-0.833827388964763
1,29,I,K,-0.6795542531323218
1,29,I,L,-0.8083712567480422
1,29,I,M,-0.7018947301666824
1,29,I,N,-0.7932465593686896
1,29,I,P,-1.6430474744619665
1,29,I,Q,-0.7645351413681379
1,29,I,R,-0.6343144345555263
1,29,I,S,-0.7681995821563851
1,29,I,T,-0.9440985946589292
1,29,I,V,-0.9813269586998136
1,29,I,W,-0.7148262565049452
1,29,I,Y,-0.8823764622912657
1,30,Q,A,-0.7258627635850337
1,30,Q,C,-0.8831810545597613
1,30,Q,D,-1.3115441265894334
1,30,Q,E,-2.132653908948973
1,30,Q,F,-0.996600462367581
1,30,Q,G,-0.9095637028559874
1,30,Q,H,-0.7519173460738501
1,30,Q,I,-1.2777503124366667
1,30,Q,K,-0.6616365749398954
1,30,Q,L,-1.9326024198742235
1,30,Q,M,-0.9954267310196213
1,30,Q,N,-0.996727140968511
1,30,Q,P,-0.9390951595297977
1,30,Q,Q,-0.7971466865749578
1,30,Q,R,-0.6446845065334127
1,30,Q,S,-0.8296012297813357
1,30,Q,T,-0.9216396109968112
1,30,Q,V,-0.8111869108196457
1,30,Q,W,-1.08161553978366
1,30,Q,Y,-0.7609145971213797
1,31,G,A,-1.0305200153910767
1,31,G,C,-1.4890026290728169
1,31,G,D,-2.1365201978702064
1,31,G,E,-2.1366467520375436
1,31,G,F,-1.8209197280493667
1,31,G,G,-0.9432189323867802
1,31,G,H,-1.0668481893217783
1,31,G,I,-1.5762161402094967
1,31,G,K,-0.6685383951457503
1,31,G,L,-1.8435744276471766
1,31,G,M,-1.40591643014373
1,31,G,N,-0.8218700352859877
1,31,G,P,-1.77506750165892
1,31,G,Q,-1.0494888721109168
1,31,G,R,-0.6424630648711513
1,31,G,S,-1.01745069250166
1,31,G,T,-1.2154169569018733
1,31,G,V,-1.2155506470468966
1,31,G,W,-1.9308499862111865
1,31,G,Y,-1.7347338393977332
1,32,S,A,-0.8037956000304911
1,32,S,C,-0.8433402903125683
1,32,S,D,-0.8569840597125019
1,32,S,E,-0.8631636607914223
1,32,S,F,-0.9911371528666341
1,32,S,G,-0.9717061178061309
1,32,S,H,-0.9351840775821421
1,32,S,I,-0.790098201259532
1,32,S,K,-0.7744619473441684
1,32,S,L,-0.8874975375189124
1,32,S,M,-0.7781486470039857
1,32,S,N,-0.8446221429991153
1,32,S,P,-0.8634520896978093
1,32,S,Q,-0.8706606315707613
1,32,S,R,-0.8143537761176886
1,32,S,S,-0.8212851315253816
1,32,S,T,-0.8204304924074618
1,32,S,V,-0.8318479677823506
1,32,S,W,-1.0607659289579334
1,32,S,Y,-0.902858831537388
1,33,V,A,-0.6668290239380289
1,33,V,C,-0.7682412184345604
1,33,V,D,-1.7555863241974865
1,33,V,E,-1.9945055049127731
1,33,V,F,-0.9995779438648903
1,33,V,G,-0.7710089502779577
1,33,V,H,-0.677171186875477
1,33,V,I,-0.9166414577671126
1,33,V,K,-0.759956615715237
1,33,V,L,-0.7117118008007384
1,33,V,M,-0.7495918433382119
1,33,V,N,-0.7021991205568473
1,33,V,P,-0.6072071827306494
1,33,V,Q,-0.6824450175465153
1,33,V,R,-0.6959567635729433
1,33,V,S,-0.6846097692540726
1,33,V,T,-0.715019257590063
1,33,V,V,-0.7574791167881703
1,33,V,W,-1.87804616304901
1,33,V,Y,-0.8251853214519244
1,34,E,A,-0.8099283622459197
1,34,E,C,-0.7044263027680637
1,34,E,D,-0.9291645618147187
1,34,E,E,-0.8445867721255397
1,34,E,F,-0.9254231907437224
1,34,E,G,-0.8455481026869247
1,34,E,H,-0.7900674237067283
1,34,E,I,-0.8813629218063257
1,34,E,K,-0.760300937853121
1,34,E,L,-0.8973632127151107
1,34,E,M,-0.8383202840192143
1,34,E,N,-0.8400122954112553
1,34,E,P,-0.9760446727547517
1,34,E,Q,-0.7204465105245057
1,34,E,R,-0.7707007316644853
1,34,E,S,-0.8391667668159091
1,34,E,T,-0.8265205109507789
1,34,E,V,-0.844051264722283
1,34,E,W,-0.8215866766786064
1,34,E,Y,-0.8971727813724141
1,35,Y,A,-2.1375631751366266
1,35,Y,C,-2.13747675041469
1,35,Y,D,-2.1405605047815963
1,35,Y,E,-2.150882423753733
1,35,Y,F,-1.2612863807681833
1,35,Y,G,-2.142904762661503
1,35,Y,H,-2.1425155492636
1,35,Y,I,-2.145926976918183
1,35,Y,K,-1.8179397749539035
1,35,Y,L,-2.1303643826743333
1,35,Y,M,-2.1482636761391234
1,35,Y,N,-2.1303958697784204
1,35,Y,P,-2.068950691568087
1,35,Y,Q,-2.1589490163910803
1,35,Y,R,-1.52294581063491
1,35,Y,S,-2.1424700787603634
1,35,Y,T,-2.141907001171137
1,35,Y,V,-2.14633532595959
1,35,Y,W,-1.0033908815715933
1,35,Y,Y,-0.940939878098765
1,36,T,A,-0.9039127991846746
1,36,T,C,-0.753996406845158
1,36,T,D,-1.0803703405554634
1,36,T,E,-0.8186018665739749
1,36,T,F,-0.7010357377226167
1,36,T,G,-1.4591340858613702
1,36,T,H,-0.8851855054505501
1,36,T,I,-0.7480634263307443
1,36,T,K,-1.1209414970783378
1,36,T,L,-0.5442669193974989
1,36,T,M,-0.682844912258759
1,36,T,N,-1.0057254036122982
1,36,T,P,-1.5872530021139102
1,36,T,Q,-0.8577399313007413
1,36,T,R,-0.9530601006128506
1,36,T,S,-1.0325459908561567
1,36,T,T,-0.7875657080205863
1,36,T,V,-0.6999948605323049
1,36,T,W,-0.768729586050496
1,36,T,Y,-0.6101075036967183
1,37,C,A,-2.1490651089822834
1,37,C,C,-0.8889914797854441
1,37,C,D,-2.1419138164274334
1,37,C,E,-2.16717106442769
1,37,C,F,-2.1558775096684966
1,37,C,G,-2.150538402525353
1,37,C,H,-2.1541734722842736
1,37,C,I,-2.1389992798826634
1,37,C,K,-2.1505772543185935
1,37,C,L,-2.1405748660903203
1,37,C,M,-2.1342868807519566
1,37,C,N,-2.14346696175134
1,37,C,P,-2.1857029951318467
1,37,C,Q,-2.1952208770421997
1,37,C,R,-2.154345373965517
1,37,C,S,-2.16448421820969
1,37,C,T,-2.16835627170888
1,37,C,V,-2.12521411865958
1,37,C,W,-2.1407646188955436
1,37,C,Y,-2.129304964873333
1,38,P,A,-0.6029427578273847
1,38,P,C,-1.2840292147847565
1,38,P,D,-2.13232200114537
1,38,P,E,-2.141698970767387
1,38,P,F,-1.1977076485845666
1,38,P,G,-1.5507609307191534
1,38,P,H,-1.4126084765964135
1,38,P,I,-1.3357713178543866
1,38,P,K,-1.4727683926246098
1,38,P,L,-1.5729291299530967
1,38,P,M,-1.6158010511394734
1,38,P,N,-1.7528377030951567
1,38,P,P,-0.826733949926728
1,38,P,Q,-1.8375502671950932
1,38,P,R,-1.5425257067126168
1,38,P,S,-1.2855240721857566
1,38,P,T,-1.95381245913714
1,38,P,V,-1.5386443549907298
1,38,P,W,-0.8413937741205709
1,38,P,Y,-0.9618628647709843
1,39,A,A,-0.7529063006448283
1,39,A,C,-1.7880778378355602
1,39,A,D,-2.1340410891058768
1,39,A,E,-2.12448850904252
1,39,A,F,-1.2846851888822333
1,39,A,G,-1.0697992016811133
1,39,A,H,-1.55301608236204
1,39,A,I,-2.05841592372072
1,39,A,K,-2.048120738400703
1,39,A,L,-1.9429586445388332
1,39,A,M,-1.8672446808220833
1,39,A,N,-1.81979502659868
1,39,A,P,-2.14038441921929
1,39,A,Q,-1.7491882412947934
1,39,A,R,-1.5919062520719667
1,39,A,S,-1.2342446550129167
1,39,A,T,-2.1460813220046067
1,39,A,V,-2.0690689256599364
1,39,A,W,-0.7120930292075274
1,39,A,Y,-1.5244789855577536
1,40,T,A,-1.1428706005093534
1,40,T,C,-1.0122250514284676
1,40,T,D,-1.3034585119451665
1,40,T,E,-1.22048981233256
1,40,T,F,-1.50427186129337
1,40,T,G,-1.7618576623748936
1,40,T,H,-1.3953360522799934
1,40,T,I,-0.8583402976288627
1,40,T,K,-1.0832832801487537
1,40,T,L,-1.0251619450663634
1,40,T,M,-1.0348944800344266
1,40,T,N,-1.046924688786655
1,40,T,P,-2.143443817628327
1,40,T,Q,-1.1652829634317998
1,40,T,R,-1.1490055635667566
1,40,T,S,-0.99091767341707
1,40,T,T,-0.7492994570379983
1,40,T,V,-0.760306417221046
1,40,T,W,-1.6356972976108166
1,40,T,Y,-1.4814629286310066
1,41,N,A,-1.6537282039917836
1,41,N,C,-1.4018927187522534
1,41,N,D,-1.8780740069979769
1,41,N,E,-1.8222845974458668
1,41,N,F,-1.586913362770643
1,41,N,G,-0.9613658921148645
1,41,N,H,-1.1307643981291633
1,41,N,I,-2.1317159227447964
1,41,N,K,-0.9839700659424867
1,41,N,L,-1.51334680898628
1,41,N,M,-1.0447700974347534
1,41,N,N,-0.7921477509863654
1,41,N,P,-2.1351435652008197
1,41,N,Q,-1.1367977045781232
1,41,N,R,-0.9962721369233253
1,41,N,S,-1.1968737330223769
1,41,N,T,-2.003857280645993
1,41,N,V,-2.1376137143257066
1,41,N,W,-1.4650297528429999
1,41,N,Y,-1.3395381262090769
1,42,E,A,-0.7918718215853504
1,42,E,C,-0.7689402555456463
1,42,E,D,-0.943270456211514
1,42,E,E,-0.8219820727854229
1,42,E,F,-1.5663293448335434
1,42,E,G,-1.0000006069330356
1,42,E,H,-0.8027851045283376
1,42,E,I,-1.9895179060928767
1,42,E,K,-0.952701936686205
1,42,E,L,-1.7939155450817734
1,42,E,M,-0.9178309449783937
1,42,E,N,-0.7337229234291637
1,42,E,P,-2.0925568034814064
1,42,E,Q,-0.7393625011668851
1,42,E,R,-0.9229854986069057
1,42,E,S,-0.7477248042883163
1,42,E,T,-0.7033211393867087
1,42,E,V,-1.5918168609371166
1,42,E,W,-2.0732418872549268
1,42,E,Y,-1.6010292175707168
1,43,C,A,-2.1458616921733538
1,43,C,C,-0.8316439211890291
1,43,C,D,-2.142690294586267
1,43,C,E,-2.14503012737122
1,43,C,F,-2.142378890249983
1,43,C,G,-2.1516401454742566
1,43,C,H,-2.1636542200738567
1,43,C,I,-2.14415539967065
1,43,C,K,-2.1489472021229967
1,43,C,L,-2.14866937212212
1,43,C,M,-2.1448945895305402
1,43,C,N,-2.1500889894919366
1,43,C,P,-2.1508221412090633
1,43,C,Q,-2.14084963324461
1,43,C,R,-2.143141898585727
1,43,C,S,-2.1446690715413834
1,43,C,T,-2.128781504173747
1,43,C,V,-2.14664111366156
1,43,C,W,-2.1355207945209234
1,43,C,Y,-2.151458825450257
1,44,K,A,-1.3755177634963303
1,44,K,C,-0.9747133045831974
1,44,K,D,-1.70281143203398
1,44,K,E,-1.2823119116066601
1,44,K,F,-1.7399556245240833
1,44,K,G,-2.1304615608995
1,44,K,H,-0.996579498334914
1,44,K,I,-0.7856068246474951
1,44,K,K,-0.7622300669549578
1,44,K,L,-1.0314967976750868
1,44,K,M,-1.800157269362413
1,44,K,N,-1.0242480347111096
1,44,K,P,-1.8469945785167834
1,44,K,Q,-1.0200490378446176
1,44,K,R,-0.8187365821971143
1,44,K,S,-1.2145372712318367
1,44,K,T,-0.7231433892344631
1,44,K,V,-0.744831314069736
1,44,K,W,-2.1410422055032465
1,44,K,Y,-2.06249025265701
1,45,I,A,-2.1456069056555034
1,45,I,C,-2.1439220341552234
1,45,I,D,-2.1462659104375867
1,45,I,E,-2.1344108916091864
1,45,I,F,-2.1436698887822163
1,45,I,G,-2.1436160760048932
1,45,I,H,-2.1392501227717498
1,45,I,I,-0.7913279133651411
1,45,I,K,-2.1290631074838333
1,45,I,L,-2.1090402754602398
1,45,I,M,-1.0358971690061138
1,45,I,N,-2.1453304628177627
1,45,I,P,-2.14942009158283
1,45,I,Q,-2.1637779856260266
1,45,I,R,-2.1502501823839197
1,45,I,S,-2.1476325895412
1,45,I,T,-2.1280086878173265
1,45,I,V,-1.20055277076788
1,45,I,W,-2.1454808524497166
1,45,I,Y,-2.1377603387726802
1,46,D,A,-2.1463891466416434
1,46,D,C,-2.0760927199475137
1,46,D,D,-0.8152705186571296
1,46,D,E,-2.0840497267086766
1,46,D,F,-2.13766669277054
1,46,D,G,-2.1381679167079466
1,46,D,H,-2.15652715463613
1,46,D,I,-2.13232513781818
1,46,D,K,-2.1362241777899036
1,46,D,L,-2.136261642702417
1,46,D,M,-2.1426297882443768
1,46,D,N,-2.0865672876754164
1,46,D,P,-2.134833865382593
1,46,D,Q,-2.1345335082278862
1,46,D,R,-2.139547508635857
1,46,D,S,-2.1336183550201
1,46,D,T,-1.9638837297924665
1,46,D,V,-2.1352359586442433
1,46,D,W,-2.1330274247283203
1,46,D,Y,-2.138961797817857
1,47,K,A,-2.0402266623583163
1,47,K,C,-2.13825616593747
1,47,K,D,-2.152921754901316
1,47,K,E,-2.12898082286601
1,47,K,F,-2.14386885446876
1,47,K,G,-2.148936610350813
1,47,K,H,-2.148836910604747
1,47,K,I,-0.8226077137808887
1,47,K,K,-0.7925166562009184
1,47,K,L,-1.09789402428581
1,47,K,M,-1.3930323370128133
1,47,K,N,-2.13438256599623
1,47,K,P,-2.048739348468663
1,47,K,Q,-1.6315828068812699
1,47,K,R,-0.9312694772994874
1,47,K,S,-2.1323731582296497
1,47,K,T,-1.7550850782950065
1,47,K,V,-0.9112371016251437
1,47,K,W,-2.1465416027799833
1,47,K,Y,-2.1409824569703537
1,48,H,A,-0.7376047734186434
1,48,H,C,-1.3958406624904833
1,48,H,D,-1.2369326820875368
1,48,H,E,-0.7537414138024877
1,48,H,F,-0.7336776709980114
1,48,H,G,-1.63514976382742
1,48,H,H,-0.7882626872253357
1,48,H,I,-0.6448462895952213
1,48,H,K,-0.5607046157254786
1,48,H,L,-0.6356253638886536
1,48,H,M,-0.6556630387380283
1,48,H,N,-1.13227745133615
1,48,H,P,-0.7031871597308217
1,48,H,Q,-0.6476055167464084
1,48,H,R,-0.647798796792954
1,48,H,S,-0.8915936793765157
1,48,H,T,-0.7138672972570324
1,48,H,V,-0.5978766991576191
1,48,H,W,-0.7189053339530277
1,48,H,Y,-0.7434595864371264
1,49,R,A,-1.48399764278267
1,49,R,C,-1.1470170538225
1,49,R,D,-2.146064603609413
1,49,R,E,-2.0202804288498832
1,49,R,F,-1.0200270896252708
1,49,R,G,-1.7372134450354533
1,49,R,H,-1.4717598652087134
1,49,R,I,-2.086821190914743
1,49,R,K,-1.2019757502731034
1,49,R,L,-0.672942833408992
1,49,R,M,-0.844643757745771
1,49,R,N,-0.8583611333606473
1,49,R,P,-2.14890171113276
1,49,R,Q,-1.3981476390508767
1,49,R,R,-0.7763501914247769
1,49,R,S,-0.655587896275286
1,49,R,T,-0.6467612171252953
1,49,R,V,-1.9869745402682568
1,49,R,W,-2.122944582570473
1,49,R,Y,-1.5518604160438434
1,50,R,A,-2.146010143582077
1,50,R,C,-2.14306377119593
1,50,R,D,-2.15951794152689
1,50,R,E,-2.146799321282303
1,50,R,F,-2.142198778311027
1,50,R,G,-2.1379288684578666
1,50,R,H,-2.130538178787443
1,50,R,I,-2.1380835458360004
1,50,R,K,-2.13627634388562
1,50,R,L,-2.143361983554507
1,50,R,M,-2.14976327434463
1,50,R,N,-2.1379700251926237
1,50,R,P,-2.13879516927742
1,50,R,Q,-2.147003726303073
1,50,R,R,-0.7741904202353077
1,50,R,S,-2.145552772594473
1,50,R,T,-2.133377594503863
1,50,R,V,-2.1465522608323435
1,50,R,W,-2.149634966044973
1,50,R,Y,-2.1349958899770836
1,51,K,A,-1.9141604884571732
1,51,K,C,-2.054846667688583
1,51,K,D,-2.139747414656313
1,51,K,E,-2.1537854980031965
1,51,K,F,-2.1423220526221303
1,51,K,G,-2.155514248332277
1,51,K,H,-2.14279157977571
1,51,K,I,-2.1034455136883
1,51,K,K,-0.785205680648413
1,51,K,L,-2.109820123770793
1,51,K,M,-1.0629183286444501
1,51,K,N,-2.0030472595959266
1,51,K,P,-2.13829069375769
1,51,K,Q,-1.91265379671732
1,51,K,R,-0.716630887857823
1,51,K,S,-2.0315445579431834
1,51,K,T,-1.1626240473888767
1,51,K,V,-1.92055163613211
1,51,K,W,-2.1390311898674534
1,51,K,Y,-2.1361150851836133
1,52,S,A,-0.988136950717294
1,52,S,C,-0.8869926478219757
1,52,S,D,-2.07251848403119
1,52,S,E,-2.1002833664756966
1,52,S,F,-0.8420565316727983
1,52,S,G,-1.3972549042379834
1,52,S,H,-0.826961610927626
1,52,S,I,-1.4794671118740832
1,52,S,K,-1.1824300848515465
1,52,S,L,-1.27108967215356
1,52,S,M,-2.03579328649101
1,52,S,N,-1.0118656002743913
1,52,S,P,-2.1540834426245836
1,52,S,Q,-0.9345012568391265
1,52,S,R,-0.5966259742188303
1,52,S,S,-0.7643992392240201
1,52,S,T,-1.3261998670450132
1,52,S,V,-1.9178971761755834
1,52,S,W,-0.6917211872739107
1,52,S,Y,-0.7349662846140784
1,53,C,A,-2.1360154578802
1,53,C,C,-0.7763939298822984
1,53,C,D,-2.136081203806787
1,53,C,E,-2.14241891851567
1,53,C,F,-2.14938211907657
1,53,C,G,-2.135509629723357
1,53,C,H,-2.152662687431356
1,53,C,I,-2.14301801797988
1,53,C,K,-2.1470046435314036
1,53,C,L,-2.146419467275567
1,53,C,M,-2.1486783701762633
1,53,C,N,-2.14640338410133
1,53,C,P,-2.1350400917868897
1,53,C,Q,-2.1410767796176366
1,53,C,R,-2.1442463441924997
1,53,C,S,-2.1415809821229033
1,53,C,T,-2.144515727850257
1,53,C,V,-2.1354732384106896
1,53,C,W,-2.1247683551091368
1,53,C,Y,-2.14473603694646
1,54,Q,A,-2.0032183549516436
1,54,Q,C,-2.09659266977894
1,54,Q,D,-2.1570800518483932
1,54,Q,E,-2.144411510887823
1,54,Q,F,-2.14123343159573
1,54,Q,G,-1.70656790838086
1,54,Q,H,-2.138540948863667
1,54,Q,I,-2.13502464139435
1,54,Q,K,-0.6748871365277583
1,54,Q,L,-2.1405202625977435
1,54,Q,M,-1.8902042439273534
1,54,Q,N,-2.1436546428695533
1,54,Q,P,-1.46122235369548
1,54,Q,Q,-0.791968722702299
1,54,Q,R,-0.7333551946493656
1,54,Q,S,-2.139321016138813
1,54,Q,T,-2.119510853084203
1,54,Q,V,-2.140837091223203
1,54,Q,W,-2.153754155167093
1,54,Q,Y,-2.15088865059691
1,55,A,A,-0.737333302772611
1,55,A,C,-0.8426238879367077
1,55,A,D,-1.0212811429000075
1,55,A,E,-0.708026806542087
1,55,A,F,-0.6453210894208777
1,55,A,G,-1.9635176780934167
1,55,A,H,-0.8088324094205334
1,55,A,I,-2.131223927485903
1,55,A,K,-0.5375168573002035
1,55,A,L,-0.8189849407015214
1,55,A,M,-0.899886507359857
1,55,A,N,-1.3745637351847
1,55,A,P,-2.1720420734060597
1,55,A,Q,-0.7159516487878594
1,55,A,R,-0.6912968157916849
1,55,A,S,-0.6733126283694723
1,55,A,T,-2.0785732168840565
1,55,A,V,-2.0952568604832003
1,55,A,W,-0.9922505204014963
1,55,A,Y,-0.7459170278736957
1,56,C,A,-2.14669010120201
1,56,C,C,-0.7063802320682117
1,56,C,D,-2.1449757978660835
1,56,C,E,-2.1409426725261533
1,56,C,F,-2.1582527110498066
1,56,C,G,-2.1357836925427036
1,56,C,H,-2.1395316426138833
1,56,C,I,-2.1407811478058902
1,56,C,K,-2.1352654505812265
1,56,C,L,-2.1432993433383967
1,56,C,M,-2.10914315134538
1,56,C,N,-2.1411310656036364
1,56,C,P,-2.1359749544844964
1,56,C,Q,-2.135031179095177
1,56,C,R,-2.1375201876809933
1,56,C,S,-2.1243162171000365
1,56,C,T,-2.157185775805497
1,56,C,V,-2.13871495162698
1,56,C,W,-2.1406748942618665
1,56,C,Y,-2.1243866427307334
1,57,R,A,-2.1546751109003233
1,57,R,C,-2.1487916536707004
1,57,R,D,-2.1722947260307968
1,57,R,E,-2.15040502106315
1,57,R,F,-2.16167437345294
1,57,R,G,-2.1628226781725934
1,57,R,H,-2.174643637010943
1,57,R,I,-2.183493055261477
1,57,R,K,-2.1569246377585034
1,57,R,L,-2.15412062452627
1,57,R,M,-2.1368423877526066
1,57,R,N,-2.1519498770569263
1,57,R,P,-2.141694659506923
1,57,R,Q,-2.1448451459541134
1,57,R,R,-0.722418065748054
1,57,R,S,-2.147106690102813
1,57,R,T,-2.152131324828883
1,57,R,V,-2.1243749707484603
1,57,R,W,-2.15731856460777
1,57,R,Y,-2.1504240995925836
1,58,L,A,-1.9508173294410767
1,58,L,C,-2.14857547287265
1,58,L,D,-2.1535101487243
1,58,L,E,-2.1394058334873063
1,58,L,F,-0.9755446353287743
1,58,L,G,-2.153906660295147
1,58,L,H,-1.7503809401033632
1,58,L,I,-1.1868287615594
1,58,L,K,-1.0839240042930431
1,58,L,L,-0.7434569907271903
1,58,L,M,-1.1521452327405246
1,58,L,N,-2.1285758754885635
1,58,L,P,-2.14047550832998
1,58,L,Q,-1.4732534087863132
1,58,L,R,-1.48367875246277
1,58,L,S,-2.138393970554017
1,58,L,T,-2.1525289437525568
1,58,L,V,-1.35425498798958
1,58,L,W,-1.0447863362684497
1,58,L,Y,-0.8719138166775116
1,59,Q,A,-0.7533565960251267
1,59,Q,C,-0.8929305397478756
1,59,Q,D,-0.7547229359360017
1,59,Q,E,-0.9416320758294159
1,59,Q,F,-0.8845642042932287
1,59,Q,G,-0.8161275483332147
1,59,Q,H,-0.7760101534187127
1,59,Q,I,-1.1980099770709833
1,59,Q,K,-0.6602377754896956
1,59,Q,L,-0.9829470787972671
1,59,Q,M,-0.652454482838414
1,59,Q,N,-0.7167073026890592
1,59,Q,P,-2.1390991934137364
1,59,Q,Q,-0.6887460818376573
1,59,Q,R,-0.7194050879579089
1,59,Q,S,-0.7227452432551263
1,59,Q,T,-0.8039790881096089
1,59,Q,V,-1.0373596332541293
1,59,Q,W,-0.9257304615522823
1,59,Q,Y,-0.8733164830193827
1,60,K,A,-1.7752675329461167
1,60,K,C,-1.9669395090829465
1,60,K,D,-2.1727111610196768
1,60,K,E,-2.140122968029043
1,60,K,F,-2.17415623976228
1,60,K,G,-2.108502147201507
1,60,K,H,-2.0732669034590696
1,60,K,I,-2.08555063103393
1,60,K,K,-0.778041954733229
1,60,K,L,-2.0622306452445534
1,60,K,M,-1.7835755390091401
1,60,K,N,-1.9027438360990903
1,60,K,P,-2.17158701976236
1,60,K,Q,-1.8673969871335132
1,60,K,R,-0.9488251965181713
1,60,K,S,-2.0682359373183203
1,60,K,T,-2.03129010482484
1,60,K,V,-2.058945393829393
1,60,K,W,-2.1366598196764133
1,60,K,Y,-2.144959847964827
1,61,C,A,-1.1966059048576734
1,61,C,C,-0.5941571702518037
1,61,C,D,-2.143424098976143
1,61,C,E,-2.1366180068452336
1,61,C,F,-2.1468215119092067
1,61,C,G,-2.1523156453107966
1,61,C,H,-2.146119253069717
1,61,C,I,-2.1295478952914864
1,61,C,K,-2.176040199747897
1,61,C,L,-2.1371816555184697
1,61,C,M,-1.7750060711627134
1,61,C,N,-2.11143706123644
1,61,C,P,-2.1365102423245665
1,61,C,Q,-2.146671718843473
1,61,C,R,-2.161785551756623
1,61,C,S,-1.2676513312327902
1,61,C,T,-2.1049435278513666
1,61,C,V,-2.1385276149963865
1,61,C,W,-2.0858565027195
1,61,C,Y,-2.14502237546283
1,62,F,A,-1.03903602678415
1,62,F,C,-0.8559920591789499
1,62,F,D,-1.46701194120837
1,62,F,E,-0.9285976210447163
1,62,F,F,-0.6785900831936961
1,62,F,G,-1.1966229471752967
1,62,F,H,-0.8168469412255953
1,62,F,I,-0.6949049727547717
1,62,F,K,-0.6811311918417776
1,62,F,L,-0.7490464679690211
1,62,F,M,-0.817801026419705
1,62,F,N,-0.8135802160142304
1,62,F,P,-2.16748791188389
1,62,F,Q,-0.8023738426246574
1,62,F,R,-0.718108274671907
1,62,F,S,-0.9981010573800401
1,62,F,T,-0.904868986429798
1,62,F,V,-0.8096448379111548
1,62,F,W,-0.7622243453167993
1,62,F,Y,-0.7676518836413578
1,63,E,A,-0.6991166822359753
1,63,E,C,-0.6899330164260813
1,63,E,D,-0.674309218092186
1,63,E,E,-0.6973929264191062
1,63,E,F,-0.5982483305714076
1,63,E,G,-0.6999627204414217
1,63,E,H,-0.5813473484407857
1,63,E,I,-0.6882721271352507
1,63,E,K,-0.6869172051970672
1,63,E,L,-0.6492713090737277
1,63,E,M,-0.571400390807033
1,63,E,N,-0.63886945705103
1,63,E,P,-2.127024177012343
1,63,E,Q,-0.7007492429610404
1,63,E,R,-0.6571360693980511
1,63,E,S,-0.695633334095986
1,63,E,T,-0.6370662844247736
1,63,E,V,-0.6249254599249663
1,63,E,W,-0.60515554257843
1,63,E,Y,-0.7112570994555177
1,64,V,A,-0.7619673651376186
1,64,V,C,-0.7846220893413873
1,64,V,D,-2.14340360835089
1,64,V,E,-0.9343695482689184
1,64,V,F,-0.813913312588732
1,64,V,G,-1.2444623803603465
1,64,V,H,-1.0728959943129432
1,64,V,I,-1.1008932147435264
1,64,V,K,-0.6947852510103533
1,64,V,L,-1.4014761189588834
1,64,V,M,-0.7378230652533807
1,64,V,N,-0.770972661818584
1,64,V,P,-2.159154131198417
1,64,V,Q,-0.7673641571339197
1,64,V,R,-0.6924960705282287
1,64,V,S,-0.6650603914038813
1,64,V,T,-0.6690260899822996
1,64,V,V,-0.7279869068477366
1,64,V,W,-0.9752987793252487
1,64,V,Y,-0.9555036074057903
1,65,G,A,-2.0898416710314
1,65,G,C,-1.8595930010941633
1,65,G,D,-2.11692199642858
1,65,G,E,-2.072282025455013
1,65,G,F,-2.14027657987359
1,65,G,G,-0.75047370124518
1,65,G,H,-1.6283362397846701
1,65,G,I,-2.150178804450343
1,65,G,K,-1.2980018353799867
1,65,G,L,-2.1640855566716732
1,65,G,M,-2.1417332530731934
1,65,G,N,-1.41191884017243
1,65,G,P,-2.1545045639015368
1,65,G,Q,-1.7130922131720567
1,65,G,R,-1.48005224438829
1,65,G,S,-1.8688302983126732
1,65,G,T,-2.1318717124966566
1,65,G,V,-2.13976882230444
1,65,G,W,-2.144161722275937
1,65,G,Y,-2.134429902150123
1,66,M,A,-2.03331512597812
1,66,M,C,-1.8961377474659866
1,66,M,D,-2.1561971744117066
1,66,M,E,-2.1636279467586363
1,66,M,F,-1.5470283561124534
1,66,M,G,-2.154617911543047
1,66,M,H,-2.1438730253839
1,66,M,I,-2.1518424349850735
1,66,M,K,-2.1435616842866465
1,66,M,L,-1.96983350389456
1,66,M,M,-0.8308010809707941
1,66,M,N,-2.1377100598734433
1,66,M,P,-2.14416085743006
1,66,M,Q,-2.191412165331277
1,66,M,R,-2.1530519077543966
1,66,M,S,-2.1413520979210365
1,66,M,T,-2.16678777413227
1,66,M,V,-2.15653822399841
1,66,M,W,-2.150969957029543
1,66,M,Y,-2.150383628809303
1,67,M,A,-0.778536705519879
1,67,M,C,-0.8104308352501874
1,67,M,D,-1.1070728316499432
1,67,M,E,-1.0075840527874484
1,67,M,F,-0.5985005223360557
1,67,M,G,-0.8872057873775933
1,67,M,H,-0.7025820965276474
1,67,M,I,-0.7028139970297528
1,67,M,K,-0.6366844514794433
1,67,M,L,-0.7868378378280904
1,67,M,M,-0.9172468678346054
1,67,M,N,-0.727812172696951
1,67,M,P,-1.9268558673664433
1,67,M,Q,-0.8302541309978531
1,67,M,R,-0.6899398802824339
1,67,M,S,-0.992175509301076
1,67,M,T,-1.025489919321606
1,67,M,V,-0.6511042559116783
1,67,M,W,-0.6087714144722094
1,67,M,Y,-0.6757659070393666
1,68,K,A,-1.0597633206432098
1,68,K,C,-1.2126643370674535
1,68,K,D,-1.7801688371218631
1,68,K,E,-1.5124205826655865
1,68,K,F,-1.1464410405546699
1,68,K,G,-1.1190485652649234
1,68,K,H,-0.7027567570507977
1,68,K,I,-1.3884666560724668
1,68,K,K,-0.6788111565320887
1,68,K,L,-1.3256797770788067
1,68,K,M,-1.0334696252441313
1,68,K,N,-1.0367936812374055
1,68,K,P,-1.4108790987468798
1,68,K,Q,-0.8246970392431182
1,68,K,R,-0.7966296309153713
1,68,K,S,-0.998141544381847
1,68,K,T,-1.2905390468797266
1,68,K,V,-1.3692285502094268
1,68,K,W,-0.9238376472774094
1,68,K,Y,-0.8368867057827334
1,69,E,A,-0.6340293646118683
1,69,E,C,-0.6021907725468766
1,69,E,D,-0.6561617320972618
1,69,E,E,-0.674299003293096
1,69,E,F,-0.6366129861519324
1,69,E,G,-0.6180183406666283
1,69,E,H,-0.6164755963365347
1,69,E,I,-0.5606829207506784
1,69,E,K,-0.6351126696752614
1,69,E,L,-0.60256929043312
1,69,E,M,-0.6207253507570064
1,69,E,N,-0.6198546823012603
1,69,E,P,-0.6663852343374767
1,69,E,Q,-0.6544805200631972
1,69,E,R,-0.6417762442718683
1,69,E,S,-0.635451517933554
1,69,E,T,-0.6962403941270741
1,69,E,V,-0.607913989243005
1,69,E,W,-0.6236551933994158
1,69,E,Y,-0.617723447021343
1,70,G,A,-0.9005237486577977
1,70,G,C,-0.6266624781110147
1,70,G,D,-1.76856833523762
1,70,G,E,-2.0989236081415132
1,70,G,F,-0.690538438946365
1,70,G,G,-0.708111938629146
1,70,G,H,-0.7987653697978816
1,70,G,I,-0.6890447082331144
1,70,G,K,-0.767332788075448
1,70,G,L,-0.6305756253018514
1,70,G,M,-0.8722536301993674
1,70,G,N,-0.6168770420091881
1,70,G,P,-0.8345780616682502
1,70,G,Q,-0.9886404048514756
1,70,G,R,-0.6593095696128644
1,70,G,S,-0.6852351414741257
1,70,G,T,-0.9161789477959527
1,70,G,V,-0.7573583607787188
1,70,G,W,-1.1894327445776767
1,70,G,Y,-0.6793023854720796
1,71,V,A,-1.1417342203535135
1,71,V,C,-0.7294827195790113
1,71,V,D,-0.8365255871616307
1,71,V,E,-0.9741610294774402
1,71,V,F,-0.7695968664603172
1,71,V,G,-0.654116150189231
1,71,V,H,-0.376071626934524
1,71,V,I,-1.0103344980829683
1,71,V,K,-0.5606609890297897
1,71,V,L,-0.769249218408017
1,71,V,M,-0.7281741441626263
1,71,V,N,-0.446659906946752
1,71,V,P,-0.747340935496653
1,71,V,Q,-0.7004240201276931
1,71,V,R,-0.6248865534935484
1,71,V,S,-0.7787499721694661
1,71,V,T,-0.7577109424932891
1,71,V,V,-0.6919753986109097
1,71,V,W,-0.714665692181797
1,71,V,Y,-0.6519869921147526
1,72,R,A,-1.49648343417656
1,72,R,C,-1.3115960557784767
1,72,R,D,-2.0414230737590033
1,72,R,E,-2.1531368562238864
1,72,R,F,-2.0512386685012034
1,72,R,G,-1.0974361946800968
1,72,R,H,-1.36542161016668
1,72,R,I,-1.7153383342718798
1,72,R,K,-0.8588805107413533
1,72,R,L,-2.02591219540751
1,72,R,M,-1.68569255222037
1,72,R,N,-1.2131633317083566
1,72,R,P,-1.9962990851623632
1,72,R,Q,-1.3448109425028567
1,72,R,R,-0.778552556083512
1,72,R,S,-1.2214570468922934
1,72,R,T,-1.56602124150991
1,72,R,V,-1.66962050333507
1,72,R,W,-2.0445016929914632
1,72,R,Y,-2.0744147058960336
1,73,K,A,-1.0506395768077732
1,73,K,C,-0.866365458327455
1,73,K,D,-1.7985168484587
1,73,K,E,-1.7599175775066798
1,73,K,F,-1.1648862772200401
1,73,K,G,-0.8649778124269663
1,73,K,H,-1.0279684691688484
1,73,K,I,-0.8484238414592703
1,73,K,K,-0.747902490408361
1,73,K,L,-1.011528825248565
1,73,K,M,-0.8410666149265537
1,73,K,N,-1.2140576104973966
1,73,K,P,-1.1197262009929667
1,73,K,Q,-0.9789326970460398
1,73,K,R,-0.7208500082581287
1,73,K,S,-0.954584546007114
1,73,K,T,-0.834055592890954
1,73,K,V,-0.802967653668602
1,73,K,W,-1.1912350655419333
1,73,K,Y,-1.3155969184717367
1,74,D,A,-0.6739912412481964
1,74,D,C,-0.642465206366445
1,74,D,D,-0.6991955342670074
1,74,D,E,-0.7030728955441283
1,74,D,F,-0.6147649634644227
1,74,D,G,-0.622978707102042
1,74,D,H,-0.4835926642096983
1,74,D,I,-0.5898004727118927
1,74,D,K,-0.5529237518204904
1,74,D,L,-0.5461854555210286
1,74,D,M,-0.5237033627626116
1,74,D,N,-0.7385972289529836
1,74,D,P,-0.6752795605121508
1,74,D,Q,-0.6408152964606567
1,74,D,R,-0.6677705892880761
1,74,D,S,-0.6048463402102927
1,74,D,T,-0.49662795088204836
1,74,D,V,-0.640076278473506
1,74,D,W,-0.6462317094861013
1,74,D,Y,-0.6725654651871192
1,75,R,A,-0.9778058926817673
1,75,R,C,-0.9679702363818793
1,75,R,D,-1.4562300760166131
1,75,R,E,-1.413869621359373
1,75,R,F,-1.0841802881206466
1,75,R,G,-0.9177687907881054
1,75,R,H,-0.8780759736149814
1,75,R,I,-0.9983674158732493
1,75,R,K,-0.761906295987472
1,75,R,L,-1.1200258096445168
1,75,R,M,-1.13298530720868
1,75,R,N,-1.1083843298094973
1,75,R,P,-1.1490723714784568
1,75,R,Q,-0.9050811996906658
1,75,R,R,-0.7460547582441727
1,75,R,S,-1.0362021539599076
1,75,R,T,-1.0022273768524255
1,75,R,V,-1.0253438688723666
1,75,R,W,-0.8709942772902016
1,75,R,Y,-1.0090258290469483
1,76,N,A,-0.6617698227962029
1,76,N,C,-0.697865140960776
1,76,N,D,-0.958303601912164
1,76,N,E,-1.04427973106672
1,76,N,F,-0.842642872575905
1,76,N,G,-0.6920150277245233
1,76,N,H,-0.634712669428848
1,76,N,I,-0.7315845192785168
1,76,N,K,-0.5793464810536944
1,76,N,L,-0.8387610573094383
1,76,N,M,-0.7265755131044745
1,76,N,N,-0.6606638177899923
1,76,N,P,-1.144533927492762
1,76,N,Q,-0.8200169986010423
1,76,N,R,-0.5629625817503547
1,76,N,S,-0.7487997862950363
1,76,N,T,-0.7528857711006843
1,76,N,V,-0.7367944000783693
1,76,N,W,-0.720112679836468
1,76,N,Y,-0.8060965250821578
